<?xml version="1.0" encoding="UTF-8"?>
<workspaceFilter version="1.0">
    <filter root="/conf/myTraining" mode="merge"/>
    <filter root="/content/myTraining" mode="merge"/>
    <filter root="/content/dam/myTraining" mode="merge">
        <exclude pattern="/content/dam/myTraining(/.*)?"/>
        <include pattern="/content/dam/myTraining/jcr:content(/.*)?"/>
    </filter>
    <filter root="/content/dam/myTraining/asset.jpg" mode="merge"/>
    <filter root="/content/experience-fragments/myTraining" mode="merge"/>
</workspaceFilter>
