{
  "hash": "6c246e25",
  "configHash": "7c15cf85",
  "lockfileHash": "c46923c7",
  "browserHash": "984c838d",
  "optimized": {
    "@angular/common": {
      "src": "../../../../../../node_modules/@angular/common/fesm2022/common.mjs",
      "file": "@angular_common.js",
      "fileHash": "6a7b4d27",
      "needsInterop": false
    },
    "@angular/common/http": {
      "src": "../../../../../../node_modules/@angular/common/fesm2022/http.mjs",
      "file": "@angular_common_http.js",
      "fileHash": "8ef6dcb8",
      "needsInterop": false
    },
    "@angular/core": {
      "src": "../../../../../../node_modules/@angular/core/fesm2022/core.mjs",
      "file": "@angular_core.js",
      "fileHash": "74a4d6f5",
      "needsInterop": false
    },
    "@angular/forms": {
      "src": "../../../../../../node_modules/@angular/forms/fesm2022/forms.mjs",
      "file": "@angular_forms.js",
      "fileHash": "a7abaaed",
      "needsInterop": false
    },
    "@angular/platform-browser": {
      "src": "../../../../../../node_modules/@angular/platform-browser/fesm2022/platform-browser.mjs",
      "file": "@angular_platform-browser.js",
      "fileHash": "367bc4e5",
      "needsInterop": false
    },
    "@angular/router": {
      "src": "../../../../../../node_modules/@angular/router/fesm2022/router.mjs",
      "file": "@angular_router.js",
      "fileHash": "380b7fe7",
      "needsInterop": false
    },
    "@ng-bootstrap/ng-bootstrap": {
      "src": "../../../../../../node_modules/@ng-bootstrap/ng-bootstrap/fesm2022/ng-bootstrap.mjs",
      "file": "@ng-bootstrap_ng-bootstrap.js",
      "fileHash": "ab527b3f",
      "needsInterop": false
    },
    "igniteui-webcomponents": {
      "src": "../../../../../../node_modules/igniteui-webcomponents/index.js",
      "file": "igniteui-webcomponents.js",
      "fileHash": "434788f6",
      "needsInterop": false
    }
  },
  "chunks": {
    "flow-JGZU3ML6": {
      "file": "flow-JGZU3ML6.js"
    },
    "chunk-YQAEVKSE": {
      "file": "chunk-YQAEVKSE.js"
    },
    "chunk-UURFT2HE": {
      "file": "chunk-UURFT2HE.js"
    },
    "chunk-UROZFRNU": {
      "file": "chunk-UROZFRNU.js"
    },
    "chunk-6QLOOMJC": {
      "file": "chunk-6QLOOMJC.js"
    },
    "chunk-A6EXCAYE": {
      "file": "chunk-A6EXCAYE.js"
    },
    "chunk-R2UUHX2Q": {
      "file": "chunk-R2UUHX2Q.js"
    },
    "chunk-O6F7RUPP": {
      "file": "chunk-O6F7RUPP.js"
    }
  }
}